Clinical_Narrative,syn_admission_report
"Caso Clínico 
Doente do sexo masculino, 36 anos de idade, autónomo, com antecedentes de asma na infância, rinite alérgica e medicado com inalador de fluticasona e salmeterol em SOS desde há 1 ano. Referia consumo tabágico (10 unidades maço/ano), consumo alcoólico inferior a 12g álcool/dia e história de viagem à América do Sul (República Dominicana), há 2 anos, com visita a áreas rurais. Sem consumo de produtos lácteos não pasteurizados, residente em habitação com água canalizada, sem animais de estimação e sem contacto com outras pessoas doentes.
Após acidente de bicicleta com traumatismo perineal minor, iniciou dor e edema escrotal assimétrico, predominante à direita, e edema perineal. Recorreu a consulta de urologia, que realizou ecografia escrotal descartando alterações genitais para além de sinais inflamatórios cutâneos, sendo medicado com doxiciclina e anti-inflamatório não esteroide. Após 3 semanas, por ausência de melhoria clínica, recorreu ao Serviço de Urgência onde foi observado por cirurgia geral que identifica um abcesso nadegueiro à direita, submetido a drenagem, tendo alta medicado empiricamente com amoxicilina e ácido clavulânico.
Regressa dois dias depois por agravamento rapidamente progressivo, sendo internado no Serviço de Cirurgia por suspeita de Gangrena de Fournier. Não referia queixas digestivas, respiratórias e urinárias e negava febre.Durante o internamento desenvolve placas edematosas não eritematosas, pouco dolorosas na região extensora dos antebraços e perna esquerda, concomitantemente surge artrite da tibiotársica direita e progressivo agravamento do edema escrotal e perineal com áreas equimóticas e descolamento epidérmico, sem necrose.Analiticamente apresentava eosinofilia crescente (admissão com 670 μL, 9%, atingindo um máximo de 1980 μL, 14,8%), sem leucocitose, trombocitopenia (85000 μL), Proteína C reativa normal à admissão com ligeira subida (2,4 mg/dL), DHL e mioglobina normais.Realizou TC pélvica que revelou celulite da região perineal e raiz da coxa direita sem sinais de envolvimento fascial e sem outras alterações. Perante este quadro, a hipótese de Gangrena de Fourniertornava-se menos provável, sendo pedida observação por Medicina Interna que, perante a possibilidade de infeção estreptocócica com eritema nodoso, alargou espectro antibiótico após novas colheitas microbiológicas (hemoculturas, coproculturas e urocultura), realizou estudo virológico, imunológico e estudo imagiológico tóraco-abdomino-pélvico. Foi também pedida observação por dermatologia que realizou biópsias incisionais da região perineal e das placas edematosas na face extensora do antebraço direito. 
O estudo microbiológico foi negativo, tal como as serologias para sífilis, vírus da imunodeficiência humana 1 e 2, vírus das hepatites B e C, vírus de Epstein-Barr, Brucella spp, Ricketsia spp, Toxocara spp, Trichinella spiralis, Ticaria spp, Strongiloides stercoralis, Schitosoma spp, Echinococcus spp, Taenia solium, Cisticercose e Fascíola hepática.  O estudo imunológico, nomeadamente anticorpos anti-nucleares (ANAs), anti-citoplasma dos neutrófilos (ANCA), anti-cardiolipinas, fator reumatóide, complemento, anticoagulante lúpico e Enzima Conversora da Angiotensina (ECA), foi negativo. O estudo imagiológico revelou derrame pleural bilateral, incipiente à direita e de pequeno volume à esquerda, densificações subpleurais em vidro despolido de predomínio basal, sem outras alterações a nível pulmonar, sem alterações a nível abdominal e pélvico, exceto ligeira densificação do tecido adiposo perineal. 
Após exclusão de causa infeciosa bacteriana, foi discutido com Dermatologia que considerava a possibilidade de tratar-se de Celulite Eosinofílica. Como tal foi iniciada corticoterapia com metilprednisolona 40mg id oral (ao 11º dia de internamento), permitindo uma progressiva melhoria clínica e analítica com redução da eosinofilia e normalização da trombocitopenia. 
Posteriormente, a biópsia das lesões do períneo e antebraço revelaram paniculite eosinofílica com vasculite associada e, na derma mais superficial, infiltrado inflamatório rico em eosinófilos peri-vascular e peri-anexial (Fig 1). Assume-se então o diagnóstico de Granulomatose Eosinofílica com Poliangeíte (Síndrome de Churg-Strauss) ANCA negativa, cumprindo 4 critérios da classificação da American College of Rheumatology3: asma, eosinofilia no sangue periférico >10%, infiltrados pulmonares, documentação histológica de vasculite e infiltrado eosinofílico extra-vascular.Por forma a excluir atingimento de órgãos major, foi ainda realizado ecocardiograma e estudo Holter que não mostrou alterações, estudo funcional respiratório que foi normal e broncofibroscopia (BFO) que mostrou secreções mucopurulentas acastanhadas dispersas bilateralmente, sem outras alterações, sendo colhido Lavado Bronco-Alveolar (LBA) para microbiologia, pesquisa de Mycobacterium tuberculosis e imunofenotipagem. Esta última revelou celularidade aumentada com predomínio de macrófagos, a maioria com inclusões citoplasmáticas associadas a tabagismo; 2% linfócitos, 1% neutrófilos, sem eosinófilos; CD4 33%, CD8 61%, Razão CD4:CD8 0.541; sem critérios de alveolite.Não apresentava atingimento neurológico sob a forma de neuropatia periférica e atingimento renal, uma vez que a função renal e sedimento urinário com pesquisa de eosinófilos na urina foram normais. A telerradiografia das mãos e calcâneos e a TC dos seios nasais não mostraram alterações. 
 Manteve imunossupressão com prednisolona 0,5mg/kg/dia e iniciou azatioprina (AZA) 100mg id oral, com objetivo de redução de corticoide. O doente evoluiu favoravelmente com importante redução do edema escrotal e perineal, surgindo novamente trombocitopenia, que foi interpretada como iatrogénica à AZA, sendo suspensa por ausência de atingimento de órgão major. O doente teve alta clínica ao 25º dia de internamento, orientado para consulta externa de doenças auto-imunes. 
Entretanto, o resultado microbiológico do LBA identificou, no exame parasitológico a fresco e com coloração, alguns trofozoítas, cistos imaturos e fenómenos de excistação compatíveis com E. hystolitica. Considerou-se assim tratar-se de uma infeção pulmonar por E. hystolitica com vasculite associada, sem abcessos hepáticos ou pulmonares. Foram repetidas as coproculturas, que mais uma vez foram negativas, e inicia metronidazol 750mg tid oral durante 14 dias, com redução progressiva de corticoide. Progressivamente melhorou das lesões cutâneas perineais com resolução completa das mesmas e verificou-se resolução dos infiltrados e do derrame pleural. Após tratamento com metronidazol repetiu BFO com LBA não se isolando nem identificando qualquer microrganismo. 

","Doente masculino, 36 anos, autónomo, com antecedentes de asma na infância e rinite alérgica,  utilizando fluticasona/salmeterol inalatório em SOS há 1 ano.  Tabagismo (10 maços/ano), consumo alcoólico <12g/dia. Viagem à República Dominicana (áreas rurais) há 2 anos.  Após traumatismo perineal menor (acidente de bicicleta), iniciou dor e edema escrotal assimétrico (direito > esquerdo) e edema perineal.  Apresenta agora agravamento rápido do edema escrotal e perineal, com equimoses e descolamento epidérmico, sem necrose.  Surgiram placas edematosas não eritematosas, pouco dolorosas, na região extensora dos antebraços e perna esquerda, e artrite tibiotársica direita.  Nega febre, queixas digestivas, respiratórias e urinárias.  Eosinofilia (670 µL, 9% à admissão), trombocitopenia (85000 µL), PCR normal à admissão. Foi administrada doxiciclina e AINE por urologia, seguindo-se drenagem de abcesso nadegueiro direito em urgência e amoxicilina/ácido clavulânico.
"
"Caso Clinico
Doente do sexo masculino, 58 anos de idade, com antecedentes pessoais de diabetes mellitus tipo 2 desde há 10 anos com mau controlo metabólico habitual e com lesões de órgão alvo estabelecidas (doença renal cronica estadio 2 e doença aterosclerótica coronária);hipertensão arterial essencial conhecida desde há 5 anos, obesidade (índice de massa corporal de 41Kg/m2),e com antecedentes cirúrgicos de osteossíntese com placa e parafusos no úmero direito realizada na sequência de acidente laboral há 10 anos. Estava habitualmente medicado com: atorvastatina 10mg id; lisinopril 10mg id; nevibolol 5mg id; gliclazida 60mg bid; metformina/sitagliptina 100/50mg bid; insulina determir 14U + 22U e lansoprazol 30mg. Da história profissional é de referir trabalho como pedreiro durante 2 anos em fábricas de extração de pedra. Tratava-se de um ex-fumador com consumos de cerca de 30UMA.
Recorreu ao serviço de urgência por febre e mal estar generalizado desde o dia anterior associados a dor, calor e rubor do braço e antebraço direitos. Referia ainda história de tosse seca de longa data mas negava dispneia. Do exame físico à admissão salienta-se temperatura auricular 38ºC, tensão arterial (TA) 160/90mmHg e frequência cardíaca (FC) 95bpm. À ascultação pulmonar apresentava sons respiratórios rudes bilateralmente, sem ruídos adventícios audíveis. Eram evidentes sinais inflamatórios (dor, calor, rubor e edema) em todo o MSD mas mais exuberantes no braço, sem exsudado ou flutuação no local da cicatriz cirurgica. Do estudo realizado no serviço de urgência refere-se - gasimetria (GSA) sem insuficiência respiratória (pH 7,47 pCO2 36mmHg e pO2 79mmHg); analiticamente com leucocitose, neutrofilia e elevação da Proteina C Reactiva (21mg/dL); radiografia do MSD sem sinais de osteomielite, não tendo sido realizado estudo imagiológico dos tecidos moles; radiografia do tórax com infiltrados parenquimatosos bilaterais com aspecto tipo largada de balões  nºao existiam exames anteriores para comparação (Fig. 1). Foi admitido no internamento por celulite do membro superior e alterações da radiografia torácica de etiologia não esclarecida.
Durante o internamento para o tratamento da celulite cumpriu antibioterapia empírica com ceftriaxone 2000mg id por via endovenosa durante 14 dias com boa evolução  manteve apirexia sustentada desde o 4º dia de antibiótico e posterior resolução completa dos sinais inflamatórios do membro superior e descida dos parâmetros inflamatórios. Não houve isolamento de agentes infecciosos nas hemoculturas. Manteve, no entanto, queixas de tosse seca.
No seguimento da investigação das alterações da radiografia do tórax à admissão realizou-se Tomografia computorizada (TC) toraco-abdomino-pelvica queapresentava gânglios infracentimetricos pré-traqueais, mediastínicos periaorticos com algumas calcificações, múltiplas opacidades em vidro despolido (de predomínio no pulmão cortical das regiões apicais), sem distorção broncovascular e com espessamento dos septos interlobares traduzindo provavelmente processo infeccioso (Figura 2); nas secreções brônquicas colhidas para microbiologia houve isolamento de neumocystis jirovecii confirmado por pesquisa de DNA positiva pelo que iniciou tratamento com sulfametoxazol-trimetropim durante 14 dias (doente VIH egativo). No final do ciclo de antibioterapia realizou broncofibroscopia óptica que não mostrou alterações da árvore brônquica e colheu LBA sem alterações bioquímicas ou microbiológicas e com pesquisa de Pneumocystis jirovecii negativa. O doente teve alta clinicamente assintomático mas mantendo as alterações radiológicas.
Realizou electivamente provas de função respiratória que foram normais incluindo DLCO e biópsia pulmonar transtorácica que revelou tratar-se de uma proteinose alveolar pulmonar sendo este diagnóstico corroborado pela coloração de PAS do LBA positiva -presença de grânulos típicos cor magenta (Figura 3).
O doente manteve seguimento em consulta de Pneumologia. No seguimento de dois anos o doente tem estado clinicamente assintomático, mas com gradual agravamento imagiológico com a TC a mostrar áreas de padrão crazy-paving dispersas mas mais evidentes nos lobos superiores e segmento apical dos lobos inferiores (Figura 4). Repetiu por esta razão LBA que confirmou o diagnóstico. O caso foi apresentado ao centro de referência no Centro Hospitalar e Universitário de Coimbra, tendo sido decidido que enquanto não houver agravamento clínico nem alteração das provas funcionais e/ou hipoxemia na GSA não há indicação para lavagem alveolar. Mantém consultas trimestrais com avaliação regulat de GSA e provas funcionais e TC semestrais.
No período de seguimento o doente teve um internamento prolongado por espondilodiscite C4-C5 e D12-L1 com abcesso paravertebral anterior, com extensão intracanalar epidural por Staphylococcus aureus meticilino sensível.
","Doente masculino, 58 anos, com HTA essencial há 5 anos, DM tipo 2 mal controlada há 10 anos com lesões de órgão alvo (DRC estádio 2, doença coronária aterosclerótica), obesidade (IMC 41 kg/m²), e antecedentes cirúrgicos de osteossíntese de úmero direito há 10 anos.  Ex-fumador (30  UMA). Medicado com atorvastatina 10mg, lisinopril 10mg, nevibolol 5mg, gliclazida 60mg bid, metformina/sitagliptina 100/50mg bid, insulina determir 14U + 22U e lansoprazol 30mg.  Procura urgência por febre, mal-estar generalizado, dor, calor, rubor e edema no MSD, mais exuberantes no braço, iniciados no dia anterior. Tosse seca crónica.  À entrada: Tª 38ºC, TA 160/90 mmHg, FC 95 bpm.  Auscultação pulmonar com sons respiratórios rudes bilateralmente. Sinais inflamatórios evidentes no MSD.  Iniciada ceftriaxona 2000mg IV.
"
"CASO CLÍNICO
Homem de 29 anos, com lesão renal aguda, acidose metabólica, rabdomiólise grave e hepatite aguda, após o consumo de bebidas alcoólicas, cocaína e heroína injectáveis. Apresentava-se agitado, sudorético, com pupilas mióticas, desidratado e com palidez cutânea, temperatura auricular de 37,4ºC, TA de 63/43mmHg, frequência cardíaca de 130bpm, com diminuição da força muscular no membro inferior direito (grau 2), com pé pendente; sem outras alterações ao exame, nomeadamente neurológicas, abdominais ou na auscultação cardiopulmonar.
A gasometria arterial mostrou: pH  7,04, pO2  109,7 mmHg, pCO2  19,5 mmHg, bicarbonato  5,2 mmol/L, saturação O2  95,7 %, lactatos  10,96 mmol/L, K+  8,5 mmol/L. Iniciou terapêutica com gluconato de cálcio, bicarbonato e perfusão de soro glicosado com insulina. As restantes análises revelaram: hemoglobina  17,8 g/dL, leucócitos  21,8x103/μL, plaquetas  250x103/μL, protrombinémia  43 %, aPTT  44,5 seg. (controlo - 28,0 seg.), creatininemia  3,74 mg/dL, azoto ureico sérico  32 mg/dL, AST  9199 U/L, ALT  4683 U/L, GGT  402 U/L, fosfatase alcalina sérica  141 U/L, CK  >85340 U/L, CKMB  2971,6 U/L, mioglobina  >10864 U/L, troponina I  21,61 U/L, LDH  7106 U/L; natremia e calcemia normais. O ECG evidenciava ritmo sinusal com ondas T espiculadas e inversão das ondas T em DII, DIII e aVF. A radiografia do tórax apresentava hipotransparência nas bases e a ecografia abdominal e renal não mostrou alterações.
Por manutenção da acidose e hipercaliémia refractárias associadas a anúria, iniciou hemodiálise. Houve melhoria da acidémia, no entanto manteve hipotensão arterial sem resposta à reposição volémica, tendo iniciado dopamina. O estudo toxicológico para pesquisa de cocaína, opióides e canabinóides só foi possível mais de 12 horas após a admissão, pela impossibilidade de colheita de amostra de urina por anúria (a pesquisa foi negativa).
Necessitou de suporte dopaminérgico durante 5 dias e de hemodiálise durante 2 semanas. Apresentou boa evolução clínica e analítica, com recuperação total da função renal, mantendo o défice neurológico. A ecografia e a ressonância magnética evidenciaram edema dos músculos da coxa e ao longo do trajecto do nervo ciático, sem lesão radicular ou das miofibrilas. A electromiografia mostrou lesão sensitivo-motora aguda e grave do plexo lombosagrado direito. Iniciou programa de reabilitação física.
Observou-se progressiva descida da hemoglobina - anemia normocrómica/normocítica ao 4º dia - até um valor mínimo de 7,8 g/dL, sem sinais de instabilidade hemodinâmica e com ferro sérico  31 μg/mL, ferritina sérica  857 ng/dL, capacidade total de fixação ferro  297 μg/mL, saturação da transferrina  10%, vitamina B12 e ácido fólico normais. Verificou-se incompatibilidade para transfusão por aglutinação in vitro. A investigação etiológica revelou teste de Coombs directo e indirecto positivos e restante estudo negativo. Houve estabilização do valor de hemoglobina, com posterior subida progressiva. Ao 27º dia objectivou-se atrito pericárdico de novo, sem outras alterações ao exame ou queixas associadas. O ecocardiograma mostrou: ventrículo esquerdo dilatado com depressão acentuada da função sistólica global (fracção de ejecção de 37%) e derrame pericárdico circunferencial de volume moderado com espessamento pericárdico posterior. Pela miopericardite aguda iniciou terapêutica com Ibuprofeno, com melhoria clínica.
O restante estudo revelou hepatite B com intensa replicação viral, sem outras alterações, nomeadamente serologias para a hepatite C e VIH negativas. A biopsia hepática mostrou sinais de hepatite crónica com fibrose portal moderada, pelo que iniciou entecavir.
Teve alta ao 55º dia, mantendo o programa de reabilitação física, com recuperação quase total da lesão neurológica. Houve normalização do hemograma e da enzimologia hepática e posteriormente negativação do ADN-VHB, negativação do AgHBe e seroconversão do AgHBs. Suspendeu Entecavir, mantendo-se em abstinência do consumo de drogas e com sinais ecocardiográficos de disfunção sistólica, com fracção de ejecção de 39%.

","Homem de 29 anos, deu entrada na urgência com quadro de lesão renal aguda, acidose metabólica, rabdomiólise grave e hepatite aguda, após consumo de bebidas alcoólicas e drogas injectáveis (cocaína e heroína). Apresenta-se agitado, sudorético, com pupilas mióticas, desidratado e palidez cutânea.  À observação: TA 63/43 mmHg, FC 130 bpm, temperatura axilar 37,4ºC, diminuição da força muscular no membro inferior direito (grau 2) com pé pendente.  Sem outras alterações ao exame neurológico, abdominal ou na auscultação cardiopulmonar.  ECG mostra ritmo sinusal com ondas T apiculadas e inversão das ondas T em DII, DIII e aVF.   Há história de consumo crónico de álcool e drogas.  Administrado gluconato de cálcio 1g IV, bicarbonato de sódio 50 mEq IV e iniciado perfusão de soro glicosado 5% com insulina 10U/h.
"
"Caso Clínico:
Este trabalho relata um caso clínico de um homem de 63 anos com antecedentes de fenómeno de Raynaud com vários anos de evolução, hipertensão arterial, tabagismo e hábitos alcoólicos (cerca de 40g/dia).
Um mês antes da admissão iniciou um quadro anorexia, perda ponderal que não sabia quantificar, enfartamento pós-prandial, vómitos, disfagia, dejeções diarreicas, dispneia para pequenos esforços e diminuição da força muscular de predomínio proximal e simétrica.
Recorreu ao Serviço de Urgência por febre de predomínio noturno associada a dor e rubor do flanco esquerdo com 3 dias de evolução.
À admissão apresentava-se febril (38,4ºC), taquicárdico (FC 110 bpm), eupneico com SpO2 (FiO2 21%) 95% e com sinais inflamatórios no flanco esquerdo. Analiticamente apresentava desidrogenase do lactato (DHL) 519 U/L, creatinafosfoquinase (CK) 1059 U/L, sem leucocitose ou neutrofilia e proteína C reativa 5,77 mg/dL. A gasimetria arterial (fiO2 21%) apresentava: alcalemia (pH 7,466) com alcalose respiratória (pCO2 29,1 mmHg), HCO3- 22,4 mmol/L, hipoxemia (pO2 69,4 mmHg), e lactatos 1,7 mmol/L com hiato aniónico normal. A teleradiografia de tórax apresentava subida da hemicúpula esquerda. A ecografia abdominal demonstrou que a tumefação do flanco esquerdo no exame objetivo não apresentava tradução ecográfica, hepatomegalia com aumento difuso e homogéneo da sua ecogenecidade. Iniciou antibioterapia empírica com amoxicilina/ácido clavulânico e clindamicina e foi internado no serviço de Medicina Interna com o diagnóstico de celulite da parede abdominal e para estudo da síndrome constitucional.
Durante o internamento efetuou: endoscopia digestiva alta que demonstrou candidose esofágica, tendo iniciado fluconazol; e a endoscopia digestiva baixa apresentou pólipos sésseis.
Por manifestar telangiectasias da face, diminuição da força muscular proximal, hiperpigmentação em V no tórax, lesões vinosas nas articulações metacarpofalangicas da mão direita (Pápulas de Gottron), por persistência da CK elevada e aldolase elevada (31,5 U/L) foi pedido estudo imunológico. Este apresentava Velocidade de sedimentação 78 mm/Hr; anticorpos anti-nucleares (ANAs) com título 1/1280 e padrão nucleolar e mosqueado, anticorpo anti-Jo1 e anti-Ro 52 positivos. A capilaroscopia apresentava megacapilares, tortuosos, desorganizados e microhemorragias, sem áreas de rarefação, sendo este padrão sugestivo de dermatomiosite. (Fig. 1 e 2)
Por insuficiência respiratória agravada com necessidade de ventilação mecânica invasiva efetuou Tomografia computorizada do tórax (TC tórax) que evidenciou áreas de consolidação parenquimatosa irregular e mal definida na região subpleural posterior dos lobos superiores e inferiores bilateralmente, associadas a vidro despolido, espessamento peri-broncovascular em algumas áreas com preservação de banda parenquimatosa subpleural, aspetos compatíveis com envolvimento pulmonar de patologia do tecido conjuntivo. (Fig. 3 e 4)
Durante o internamento apresentou padrão de citocolestase hepática persistente e após exclusão de outras etiologias foi demonstrado anti SLA/LP positivo forte. No entanto, foi recusada pelo paciente a realização de biopsia hepática.
Assim, foi efetuado o diagnóstico de Síndrome anti-sintetase com anti-Jo1 e anti-Ro 52 positivos, com Pneumonia intersticial não específica (NSIP) e hepatite autoimune provável.
Iniciou corticoterapia com pulsos de metilprednisolona 1g/dia, seguidos de prednisolona oral.
Efetuadas biópsias muscular do deltóide e cutânea que não foram conclusivas. A ausência de alterações pode dever-se a terem sido efetuadas após o início da corticoterapia.
Evidenciada progressiva melhoria clínica e imagiológica (Fig. 5 e 6) com possibilidade de alta com corticoterapia em desmame e encaminhamento para a consulta externa.
Em regime de ambulatório efetuou: ecocardiograma transtorácico que não demonstrou alterações de relevo; e provas de função respiratória que demonstraram alteração ventilatória restritiva ligeira com defeito de difusão de CO (DLCO).
O caso foi discutido em reunião multidisciplinar de doenças autoimunes, sendo decidido o início de terapêutica com imunoglobulinas. A escolha desta terapêutica deveu-se à melhoria do atingimento pulmonar da doença, não apresentando nessa altura indicação para terapêutica imunossupressora específica dirigida ao órgão, nomeadamente ciclofosfamida; ausência de resposta muscular aos corticoides; presença de provável hepatite autoimune; presença de tuberculose latente com toxicidade hepática e cutânea à isoniazida e rifampicina, o que limitou o uso de outros imunossupressores nomeadamente o rituximab. Após o primeiro ciclo de imunoglobulinas o doente apresentou melhoria da força muscular e analítica.
","Homem de 63 anos, com história de Fenómeno de Raynaud de longa data, HTA, tabagismo (ex-fumador?), e alcoolismo (40g/dia de álcool).  Há um mês, iniciou quadro de anorexia, perda ponderal (não quantificada), plenitude pós-prandial, vómitos, disfagia, diarreia, dispneia aos esforços mínimos e mialgia proximal simétrica.  Procurou o Serviço de Urgência com febre (predominantemente nocturna) há 3 dias, associada a dor e eritema no flanco esquerdo. À admissão, apresentava-se febril (38,4ºC), taquicárdico (FC 110 bpm), eupneico (SpO2 95% com FiO2 21%), com sinais inflamatórios no flanco esquerdo.  Apresentava DHL 519 U/L e CK 1059 U/L, sem leucocitose ou neutrofilia.  PCR 5,77 mg/dL. Gasometria arterial (FiO2 21%): pH 7,466, pCO2 29,1 mmHg, pO2 69,4 mmHg, lactatos 1,7 mmol/L, hiato aniónico normal. Teleradiografia de tórax: elevação da hemicúpula esquerda. Ecografia abdominal: sem alterações ecográficas correspondentes à tumefacção do flanco esquerdo, hepatomegalia com ecogenicidade difusamente aumentada. Iniciou amoxicilina/ácido clavulânico e clindamicina.
"
"Caso clínico
Mulher, caucasiana, 71 anos, sem antecedentes médicos de relevo. Recorreu ao serviço de urgência por dispneia progressiva com 3 semanas de evolução, progredindo até dispneia em repouso. Referência a hipersudorese nocturna nos 4 meses prévios, com perda ponderal ligeira (menos de 3% do peso corporal) nesse período. Referia ainda pirose em decúbito dorsal, com duas semanas de evolução.
Ao exame objectivo, apresentava bom estado geral, sendo de salientar como achados positivos a abolição dos sons respiratórios na metade inferior do hemitórax direito e volumosa massa abdominal peri-umbilical, de consistência dura, indolor e pouco móvel. Encontrava-se apirética, hemodinamicamente estável e não apresentava adenomegalias periféricas palpáveis.
Do estudo efectuado a salientar: anemia normocítica normocrómica ligeira (11,5g/dL), trombocitose (497000u/L), Proteína C Reactiva elevada (90,30 mg/L), DHL plasmática aumentada (1199U/L) e serologias víricas (VIH, VHB, VHC) negativas.
A radiografia torácica mostrou opacidade na metade inferior do hemitórax direito, correspondendo a volumoso derrame pleural - confirmado por tomografia computorizada (TC) do tórax, que não evidenciou outras alterações relevantes. Efectuada toracocentese diagnóstica, com saída de líquido pleural (LP) límpido, cítrico, compatível com exsudado (DHL pleural/soro = 2,63 com DHL pleural 3157U/L), com predomínio de mononucleares e outras células não hematológicas (52%), sem isolamento de microrganismos. Enviada amostra para imunofenotipagem.
Na TC abdominal confirmou-se a presença de volumosa massa tumoral centrada na raiz do mesentério com 145x118mm, massas pélvicas de menores dimensões e linfadenopatias retroperitoneais, mesentéricas, assim como densificação reticular do grande epíplon e nódulos subcutâneos ao nível da parede abdominal e peri-umbilical (Figura 1). Era ainda evidente hepatomegalia homogénea, apresentando o baço dimensões e características normais.
Durante o estudo, realizou ainda imunofenotipagem do sangue periférico, que não revelou alterações.
A imunofenotipagem do LP, biópsia pleural e histologia da massa abdominal demonstraram tratar-se de um linfoma de células B do centro folicular, dadas as características morfológicas e imunocitoquímicas encontradas (CD20 +, CD10 +, hiperexpressão de Bcl-2; Bcl-6 +, cadeias leves kappa +, CD45 +, CD19+, CD38+, CD5-, HLA-Dr+CD138-, D71-, CD30-).
Para estadiamento foi realizado PET Scan (positron emission tomography), que evidenciou doença linfoproliferativa metabolicamente activa ao nível da massa mesentérica, das massas pélvicas, das cadeias ganglionares supra e infradiafragmáticas, do nódulo subcutâneo peri-umbilical e da pleura direita (Figura 2), excluindo-se envolvimento medular.
Mediante os achados de todos os exames complementares foi feito o diagnóstico de Linfoma Não Hodgkin folicular G3 em estadio IV-B de Ann Arbor e Score de FLIPI de 4 (alto risco).
A doente iniciou quimioterapia com Rituximab, Ciclofosfamida, Vincristina e Prednisolona em regime de internamento para monitorização de complicações e da evolução clínica, tendo alta oito dias após o primeiro ciclo. Cumpriu até à data 4 ciclos de quimioterapia, com melhoria dos sintomas B, sem recidiva de dispneia ou do derrame pleural e sem evidência de síndrome de lise tumoral. Verificada ainda diminuição marcada das dimensões da massa abdominal em TC de reavaliação (Figura 3).
","Doente feminina, 71 anos, caucasiana, sem antecedentes médicos relevantes, admitida na urgência com dispneia progressiva há 3 semanas, actualmente em repouso. Refere ainda hipersudorese nocturna nos últimos 4 meses, com perda ponderal ligeira (<3% do peso corporal) no mesmo período. Queixa-se também de pirose em decúbito dorsal há 2 semanas. Ao exame objectivo, apresenta bom estado geral, abolição de sons respiratórios em metade inferior do hemitórax direito e volumosa massa abdominal periumbilical, dura, indolor e pouco móvel. Apirética e hemodinamicamente estável, sem adenomegalias palpáveis.  Iniciada oxigenoterapia a 2L/min e hidratação venosa com soro glicosado a 5%.
"
